hotel_name,ip_loc,user_desc,follows,subscribers,praises,video_id,type,title,cover,text,likes,favors,comments,shares,upload_time,tags
Hotel ICON 唯港荟,浙江,Hotel ICON 唯港荟,13,1198,1963,684d648e000000002300077e,video,??炫父时刻：送给爸爸的甜蜜告白??,./img/684d648e000000002300077e_0.jpg,"父亲节，唯港荟为您精心呈献一份如同父爱般深沉的甜蜜逸品 —— 乌龙朱古力香橙法式焦糖炖蛋戚风蛋糕 。??
	
??蛋糕内层融合了??香橙轻奶油及乌龙奶油布蕾，质感柔滑细致，散发淡雅茶香与果香，外层则复上光泽诱人的镜面朱古力。??
	
精致的朱古力茶杯与茶壶造型??
犹如为挚爱的父亲奉上一杯窝心热茶
献上您独一无二的祝福??！
	
@吃货薯
#唯港荟[话题]##唯港荟非凡体验[话题]# #香港旅游[话题]# #吃出高级感[话题]##父亲节蛋糕[话题]##父亲节甜品[话题]# #香港美食攻略[话题]##香港美食打卡[话题]##父亲节[话题]##父亲节礼物[话题]##爸气十足[话题]##亲子时光[话题]##甜蜜告白[话题]#",3,1,0,0,2025/6/14 20:01,唯港荟;唯港荟非凡体验;香港旅游;吃出高级感;父亲节蛋糕;父亲节甜品;香港美食攻略;香港美食打卡;父亲节;父亲节礼物;爸气十足;亲子时光;甜蜜告白
Hotel ICON 唯港荟,浙江,Hotel ICON 唯港荟,13,1198,1963,6801b887000000001a0070b5,video,甜蜜新品登场|榴莲巴斯克芝士蛋糕??,./img/6801b887000000001a0070b5_0.jpg,"唯港荟全新推出的「榴莲巴斯克芝士蛋糕」与您庆祝特别时刻！
?? 由酒店匠心西式糕点团队制作
采用了超过七成比例的D197猫山王榴莲果肉??、新西兰奶油芝士??、马斯卡彭芝士，并以220°C高温烘焙而成
沉浸于口感浓郁的榴莲滋味！
??别错过全新榴莲飘香蛋糕系列，立即来品尝吧~ ?#唯港荟非凡体验[话题]#? ?#下午茶[话题]#? ?#榴莲美食[话题]#? ?#香港下午茶[话题]#? ?#香港探店[话题]#? ?#舌尖美味不可挡[话题]#? ?@吃货薯? ?@城市情报官?",15,0,9,0,2025/4/21 8:01,唯港荟非凡体验;下午茶;榴莲美食;香港下午茶;香港探店;舌尖美味不可挡
Hotel ICON 唯港荟,浙江,Hotel ICON 唯港荟,13,1198,1963,67e3be40000000001a0042f4,video,ICON总厨，揭秘The Market美味奥秘,./img/67e3be40000000001a0042f4_0.jpg,"Danny Ho带您走进?????? ????????????自助餐的幕后世界
解锁?????? ????????????成为香港最受欢迎餐厅之一的美味奥秘?
·
?????? ????????????自助餐不仅是美食的盛宴
更是Danny Ho多年烹饪经验的精华呈现
?榴莲：选用马来西亚三种名贵稀有品种，质地非常鲜甜绵软
?冰淇淋：全香港自助餐独家的歌梵（GODIVA）巧克力冰淇淋
?刺身日料：选用北极贝、挪威三文鱼??吞拿鱼、八爪鱼、甘老海等珍稀食材
?蓝龙虾：法国稀有蓝龙虾??配备新鲜杂果沙拉，入口即化的龙虾肉、酸甜清爽的水果沙拉，一口爱上
?酥皮龙虾浓汤：采用法国黄油烘焙而成的酥皮顶，底下是热辣辣的龙虾汤，龙虾爽辣与黄油的甜香，丰富层次在舌尖直接绽开
?海鲜料理：阿拉斯加帝王蟹可以现场BBQ烹饪??蟹腿在炭火上滋滋作响，雪白蟹肉鲜嫩多汁，成为是海鲜爱好者的终极享受!
?#唯港荟非凡体验[话题]#? ?#自助餐[话题]#? ?#DannyHo美食之旅[话题]#? ?#香港美食之旅[话题]#? ?#香港旅行[话题]#??#香港自助餐厅[话题]#? ?@吃货薯? ?@城市情报官?",17,9,1,25,2025/3/26 16:43,唯港荟非凡体验;自助餐;DannyHo美食之旅;香港美食之旅;香港旅行;香港自助餐厅
Hotel ICON 唯港荟,浙江,Hotel ICON 唯港荟,13,1198,1963,67b85bce000000001203caad,video,荣耀分享|唯港荟荣膺福布斯旅游四星殊荣,./img/67b85bce000000001203caad_0.jpg,"福布斯旅游指南2024星际榜单揭晓
唯港荟酒店以「亚洲设计酒店之光」姿态
揽获福布斯旅游指南四星荣耀
·
秉承着「Unlike?Any?Other」的精神
致力于持续地提供卓越的住宿体验
为所有宾客创造难忘的回忆！
?#唯港荟非凡体验[话题]#? ?#福布斯旅游指南[话题]#? ?#香港酒店[话题]#? ?#奢华酒店[话题]#?",16,0,0,0,2025/2/21 18:56,唯港荟非凡体验;福布斯旅游指南;香港酒店;奢华酒店
Hotel ICON 唯港荟,浙江,Hotel ICON 唯港荟,13,1198,1963,67b305a80000000029018d91,video,假期疗愈｜以正宗泰式水疗迎新春,./img/67b305a80000000029018d91_0.jpg,"自Banyan Tree泰国水疗学院的治疗师为您提供焕活身心的愉悦时光，为新的一年带来全新的平静与活力??
? 二月专属优惠：单人水疗享受82折?2或3小时双人水疗享受78折??#唯港荟非凡体验[话题]#? ?#疗愈SPA[话题]#? ?#香港spa[话题]#?",3,0,0,0,2025/2/18 12:03,唯港荟非凡体验;疗愈SPA;香港spa
Hotel ICON 唯港荟,浙江,Hotel ICON 唯港荟,13,1198,1963,67a18f5a000000002901cd81,video,金蛇献瑞| 摘青纳福好运来,./img/67a18f5a000000002901cd81_0.jpg,"香港传统的农历新年「摘青」仪式，象征为来年大吉大利 ?? 和繁荣昌旺 ??！
初七人日逢摘青??，双倍好运加载中！
齐分享喜庆的节日气氛吧！
?#新年云祈愿[话题]#???#香港春节[话题]#???#香港唯港荟[话题]#???#非遗文化[话题]#???#香港非遗[话题]#????#新年仪式感[话题]#???#唯港荟非凡体验[话题]#?? ?@本地薯? ?@走走薯? ?@VLOG薯?",6,0,0,0,2025/2/4 11:54,新年云祈愿;香港春节;香港唯港荟;非遗文化;香港非遗;新年仪式感;唯港荟非凡体验
Hotel ICON 唯港荟,浙江,Hotel ICON 唯港荟,13,1198,1963,6761b09a0000000014025f09,video,??2025新年快乐！??,./img/6761b09a0000000014025f09_0.jpg,"唯港荟祝您新年快乐、繁荣兴旺！愿这一年带给您新的冒险、珍贵的回忆和无尽的喜悦！ ??我们期待着在2025年与您相聚，共同创造更多难忘时刻！ ????
	
#唯港荟[话题]# #新年快乐2025[话题]# #2025年新年快乐[话题]# #跨年[话题]# #跨年2025[话题]# #跨年倒计时2025[话题]# #2025跨年[话题]# #香港酒店[话题]# #香港跨年[话题]# #香港旅行[话题]#",2,0,0,0,2025/1/1 0:15,唯港荟;新年快乐2025;2025年新年快乐;跨年;跨年2025;跨年倒计时2025;2025跨年;香港酒店;香港跨年;香港旅行
Hotel ICON 唯港荟,浙江,Hotel ICON 唯港荟,13,1198,1963,6758742900000000070086b7,video,??圣诞节快乐！在唯港荟感受节日魔法?? ?,./img/6758742900000000070086b7_0.jpg,"???? 这个冬日，在唯港荟发掘圣诞节的真正魔法，愿每位宾客都充满欢乐和幸福时刻！ ????
	
祝福您和您的挚爱度过一个难忘的 ICONic 圣诞！ ??
	
#唯港荟[话题]# #香港酒店[话题]# #尖沙咀酒店[话题]# #香港美食[话题]# #香港旅行[话题]# #香港圣诞[话题]# #香港圣诞节[话题]# #香港圣诞树[话题]# #香港圣诞节打卡[话题]# #香港圣诞打卡[话题]#",1,0,0,0,2024/12/24 18:01,唯港荟;香港酒店;尖沙咀酒店;香港美食;香港旅行;香港圣诞;香港圣诞节;香港圣诞树;香港圣诞节打卡;香港圣诞打卡
Hotel ICON 唯港荟,浙江,Hotel ICON 唯港荟,13,1198,1963,675f8208000000000700c114,video,??唯港荟祝大家冬至快乐??,./img/675f8208000000000700c114_0.jpg,"?? 愿您这个冬至与家人和挈爱幸福美满??，团团圆圆！冬至快乐????！
	
#唯港荟[话题]# #香港酒店[话题]# #香港冬至[话题]# #冬至[话题]##节日[话题]# #祝福[话题]# #冬至快乐[话题]# #香港美食[话题]# #香港旅行[话题]# #汤圆[话题]#",3,0,0,0,2024/12/21 12:01,唯港荟;香港酒店;香港冬至;冬至;节日;祝福;冬至快乐;香港美食;香港旅行;汤圆
Hotel ICON 唯港荟,浙江,Hotel ICON 唯港荟,13,1198,1963,675fd56b000000000603dd84,video,拥抱节日欢乐 留下难忘回忆！ ????,./img/675fd56b000000000603dd84_0.jpg,"????踏入我们的圣诞梦幻小镇，闪烁精致的圣诞装饰洋溢着欢乐气氛??！与亲朋挈爱一起打卡纪录美好时光????，在此展开您的冬日奇妙之旅??！
	
#唯港荟[话题]# #圣诞打卡[话题]# #圣诞节给自己的仪式感[话题]# #圣诞树装饰[话题]# #圣诞氛围[话题]# #香港酒店[话题]# #香港美食[话题]# #香港旅行[话题]# #香港圣诞节[话题]# #香港圣诞节打卡[话题]#",2,0,0,0,2024/12/16 18:03,唯港荟;圣诞打卡;圣诞节给自己的仪式感;圣诞树装饰;圣诞氛围;香港酒店;香港美食;香港旅行;香港圣诞节;香港圣诞节打卡
Hotel ICON 唯港荟,浙江,Hotel ICON 唯港荟,13,1198,1963,67122204000000002100387d,video,珍贵的周末该如何度过？????,./img/67122204000000002100387d_0.jpg,"晴朗的天空，无尽的美景，悠长的周末从这里开始。????
	
#唯港荟[话题]# #游泳打卡[话题]# #游泳池拍照[话题]# #香港早餐[话题]#  #香港旅游[话题]# #香港饮食[话题]# #香港酒店[话题]# #香港餐厅[话题]# #尖沙咀[话题]# #維港[话题]#",6,0,0,1,2024/10/19 12:01,唯港荟;游泳打卡;游泳池拍照;香港早餐;香港旅游;香港饮食;香港酒店;香港餐厅;尖沙咀;維港
Hotel ICON 唯港荟,浙江,Hotel ICON 唯港荟,13,1198,1963,67108f480000000021003d24,video,来一顿完美无瑕的早餐???,./img/67108f480000000021003d24_0.jpg,"??有什么比在天外天品尝早餐并欣赏良辰美景更享受？?
#天外天中菜厅[话题]# #唯港荟[话题]# #香港早餐[话题]#  #香港中菜[话题]# #香港旅游[话题]# #香港饮食[话题]# #香港酒店[话题]# #香港餐厅[话题]# #尖沙咀[话题]# #維港[话题]#",6,1,2,7,2024/10/17 18:02,天外天中菜厅;唯港荟;香港早餐;香港中菜;香港旅游;香港饮食;香港酒店;香港餐厅;尖沙咀;維港
Hotel ICON 唯港荟,浙江,Hotel ICON 唯港荟,13,1198,1963,67078ee7000000001a020b8d,video,【官网优惠??】十月份螃蟹菜式及免费自助餐??,./img/67078ee7000000001a020b8d_0.jpg,"十月份品尝The Market的螃蟹菜式，可享受一人免费！ ??
	
为您的庆祝聚会增添喜庆！预订8位宾客享用午餐或晚餐，送其中一位宾客免费享用自助餐，还可获赠一瓶气泡酒及一个订制庆祝蛋糕。秋冬季节正是蟹肉最肥美丰嫩的时节，来The Market 品尝猫山王黄金奶黄肥肥蟹、法国蜘蛛膏蟹粥、招牌新加坡黑胡椒炒阿拉斯加蟹以及即烤盐烧阿拉斯加蟹脚搭配浓郁牛油酱或香辣泰式酱，定能让您一试难忘！ ??
	
条款及细则：
1. 此优惠适用于2024年10月31日或之前的堂食预订。
2. 优惠只适用于2024年10月1日至30日确认之预订。
3. 截至 2024 年 10 月 31 日，The Market 的总帐单（不包括酒精饮料、税金、小费和服务费）。
4. 客人需提前至少1天于酒店官网预订并支付订金（截止时间：15:00）。
5. 消费及折扣金额以单一收据为准。
6. 此优惠不可兑换现金或其他产品。
7. 唯港荟保留根据餐厅营运情况拒绝任何预订的权利。
8. 此优惠如有更改，恕不另行通知。如有任何争议，唯港荟保留最终决定权。
9.所有价格需加收10%服务费，并提前预订。
	
#唯港荟[话题]# #阿拉斯加帝王及法国蜘蛛膏蟹宴[话题]# #尖沙咀酒店[话题]# #香港酒店[话题]# #香港[话题]# #美食日常[话题]# #海鲜[话题]# #香港自助餐[话题]# #香港酒店自助餐[话题]# #餐厅推荐[话题]# #宝藏餐厅分享[话题]# #美食攻略[话题]# #料理[话题]# #任食[话题]#  #自助餐优惠[话题]# #十月优惠[话题]# #必吃榜[话题]#",4,2,0,2,2024/10/10 18:02,唯港荟;阿拉斯加帝王及法国蜘蛛膏蟹宴;尖沙咀酒店;香港酒店;香港;美食日常;海鲜;香港自助餐;香港酒店自助餐;餐厅推荐;宝藏餐厅分享;美食攻略;料理;任食;自助餐优惠;十月优惠;必吃榜
Hotel ICON 唯港荟,浙江,Hotel ICON 唯港荟,13,1198,1963,6704bad8000000001b02031e,video,天外天中菜厅 享受美食与维港夜景,./img/6704bad8000000001b02031e_0.jpg,"??在天外天中菜厅品尝手工调制的鸡尾酒、俯瞰维港全景及与亲朋挚爱滔滔不绝的畅谈，享受一个精彩的晚上。
	
??: @kickyjane
	
#天外天中菜厅[话题]# #唯港荟[话题]# #香港粤菜[话题]# #香港中菜[话题]# #香港旅游[话题]# #香港饮食[话题]# #香港酒店[话题]# #香港餐厅[话题]# #尖沙咀[话题]# #維港[话题]#",3,0,0,2,2024/10/8 12:53,天外天中菜厅;唯港荟;香港粤菜;香港中菜;香港旅游;香港饮食;香港酒店;香港餐厅;尖沙咀;維港
Hotel ICON 唯港荟,浙江,Hotel ICON 唯港荟,13,1198,1963,66fdfa62000000001a021c8f,video,??发掘城市绿洲中的香港景观魅力,./img/66fdfa62000000001a021c8f_0.jpg,"当您踏进大堂时，垂直花园中的植物轻轻摇曳，热情迎接您。下午4-6点间，阳光从远处洒进，温柔提醒您度过了充实的一天。
再沉浸在面向花园的中国书法中，欣赏香港艺术家洪强的代表作「道生一万物生」——立即探索，体验过去与现在的和谐融合，在此刻放松身心，寻找平静。
透过全玻璃幕墙欣赏维多利亚港的壮丽景色，从这个黄金海滨位置将室内照亮，以美妙的节奏结束您展开的 #ICONIC体验[话题]#。
	
#唯港荟[话题]# #香港酒店[话题]# #尖东[话题]# #香港旅游[话题]# #香港绿洲[话题]#",5,2,0,1,2024/10/3 9:58,ICONIC体验;唯港荟;香港酒店;尖东;香港旅游;香港绿洲
Hotel ICON 唯港荟,浙江,Hotel ICON 唯港荟,13,1198,1963,66f3df77000000001a02008b,video,【全情投入维港两岸盛事??】,./img/66f3df77000000001a02008b_0.jpg,"??冯允谦""the SOUNDTRACK of my LIFE"" 红馆演唱会 2024
??Henderson Arts @ Central
	
在活动前后，于唯港荟9楼池畔酒吧小酌一杯，仅由港币$78元港币起，便能品尝多款鸡尾酒和滋味小吃，准备和延续活动愉悦。????
	
#唯港荟[话题]#??#香港酒店[话题]#??#尖沙咀酒店[话题]#",6,0,0,2,2024/9/25 18:01,唯港荟;香港酒店;尖沙咀酒店
Hotel ICON 唯港荟,浙江,Hotel ICON 唯港荟,13,1198,1963,66bf20c4000000001e01c649,video,唯港荟酒店 x Vivienne Tam｜体验设计感套房,./img/66bf20c4000000001e01c649_0.jpg,"?? 来香港入住由著名设计师Vivienne Tam设计的东方美学套房。这里将为您带来独特体验，让您沉浸在文化盛宴中。
	
??????? Vivienne Tam是著名华裔时装设计师，她将东方文化元素与现代美学风格巧妙融合在设计作品中。这间套房以复古木质为主题，散发出独特的古典韵味。
	
?? 当您踏入这个套房，您将被中式风格的装饰所吸引。从门廊到客厅，处处展现中国传统文化的优雅气质 - 精美的中国绘画和Vivienne Tam的限量作品，让您仿佛置身于一座文化宫殿。在宽敞明亮的客厅，位于香港红馆隔壁，您可尽情欣赏香港维多利亚港迷人的城市海景。特别是在维港烟花秀时，这里无疑是观赏烟花表演的绝佳地点。
	
另外，??浴室采用瓷砖打造，与木质元素形成鲜明对比，展现出中西合璧的独特魅力。卫浴用品也体现出设计师对细节的关注和对您需求的周到考虑。这种中西合璧的氛围让您如沉浸其中，忙中偷闲，尽享文化盛宴。
	
总而言之，入住由Vivienne Tam设计的东方美学套房，将让您在香港繁华城市中感受中国传统文化的魅力，然您体验ICONIC的文化之旅??。 为庆祝国庆日的到来，这独特套房现已开放预订，仅限于官方网站，名额有限，欢迎预订。
#酒店推荐[话题]# #酒店[话题]# #谭玉燕[话题]# #尖沙咀酒店[话题]# #hotelicon[话题]# #香港旅行[话题]# #国庆[话题]# #香港一日游[话题]# #viviennetam[话题]# #酒店设计[话题]#",6,5,1,0,2024/8/16 17:49,酒店推荐;酒店;谭玉燕;尖沙咀酒店;hotelicon;香港旅行;国庆;香港一日游;viviennetam;酒店设计
Hotel ICON 唯港荟,浙江,Hotel ICON 唯港荟,13,1198,1963,66ab4ae3000000000600ee40,video,【???尖沙咀之旅，从唯港荟开始！ 】,./img/66ab4ae3000000000600ee40_0.jpg,"??? 唯港荟坐落于繁华的尖沙咀，地理位置优越，让人无法抵挡其魅力。当你打开这扇门，就仿佛开启了探索尖沙咀的旅程。 ??
? 今年夏天，唯港荟距离了a梦的「随意门」只有15分钟的路程。让唯港荟成为您探索尖沙咀的起点，感受这座城市的繁华与活力吧。
唯港荟，这里提供的不仅仅是住宿，更是一种生活方式。 ??
??立即探索这个地区吧！
#唯港荟[话题]# #香港酒店[话题]# #随意门[话题]# #a梦[话题]# #尖沙咀酒店[话题]# #尖沙咀[话题]#",9,1,1,1,2024/8/1 16:44,唯港荟;香港酒店;a梦;尖沙咀酒店;随意门;尖沙咀
Hotel ICON 唯港荟,浙江,Hotel ICON 唯港荟,13,1198,1963,66435c94000000001e036267,video,?食家突击- 阿拉斯加蟹香辣的秘密?,./img/66435c94000000001e036267_0.jpg,"【 ?食家突击- 阿拉斯加蟹香辣的秘密?】
The Market这道招牌新加坡黑胡淑炒阿拉斯加蟹??由我们的Kelvin师傅精心烹调，馔用了白胡椒、黑胡椒和花椒三种材料???。 Kelvin师傅将香料烘干三天后，把它们磨成粉末，然后用作炒阿拉斯加蟹的调味料??。 使这道菜变得惹味十足、香气四溢，增强食欲??。 尽情享受独一无二的阿拉斯加蟹之旅吧！
	
#香辣蟹[话题]# #帝王蟹[话题]# #必吃榜[话题]# #做菜我是认真的[话题]# #美食攻略[话题]# #料理[话题]# #舌尖上的美食[话题]#  #自助餐[话题]# #香港酒店[话题]# #唯港荟[话题]# #美食日常[话题]# #自助餐[话题]# #TheM[话题]#arket",6,2,2,2,2024/5/14 20:44,香辣蟹;帝王蟹;必吃榜;做菜我是认真的;美食攻略;料理;舌尖上的美食;自助餐;香港酒店;唯港荟;美食日常;TheM
Hotel ICON 唯港荟,浙江,Hotel ICON 唯港荟,13,1198,1963,6635b165000000001e0392d4,video,??The Market海鲜盛宴为全港运动会加油,./img/6635b165000000001e0392d4_0.jpg,"【??The Market海鲜盛宴丨为第九届全港运动会注入力量！ ????】
第九届全港运动会已于四月正式开幕，五月赛事接踵而来，第一场赛事是乒乓波??，无论您系参赛者或是观众，观赏完「刁时」又「刁时」的激烈赛事后??，将会筋疲力尽……
唯港荟The Market专业厨师团队已经为大家准备美味的海鲜大餐??。在赛事结束后，您可以尽情享用配合各种烹调手法的阿拉斯加帝王蟹脚???，及一系列海鲜美食???
	
#尖沙咀酒店[话题]# #香港酒店[话题]# #香港[话题]# #美食日常[话题]# #香港自助餐[话题]# #自助餐[话题]# #运动会[话题]# #第九屆全港運動會[话题]# #唯港荟[话题]# #TheMarket[话题]#",4,0,0,0,2024/5/4 11:54,尖沙咀酒店;香港酒店;香港;美食日常;香港自助餐;自助餐;运动会;第九屆全港運動會;唯港荟;TheMarket
Hotel ICON 唯港荟,浙江,Hotel ICON 唯港荟,13,1198,1963,662b829b0000000001005c73,video,【什么是优质的三文鱼籽？ ??】,./img/662b829b0000000001005c73_0.jpg,"【什么是优质的三文鱼籽？ ??】
上等的三文鱼籽，您今日食左未？ 莅临The Market 享受晚市自助餐，您可以尽情品尝来自北海道的晶莹剔透三文鱼籽！ ??
如何分辨出三文鱼籽是否优质？ 首先，优质的三文鱼籽表面是十分饱满和圆滑，看上去「圆乎乎的」。 另外就是看它的颜色，新鲜的三文鱼籽会呈鲜红或是鲜橙色，像一颗颗晶莹剔透的水晶。 除此之外，The Market的三文鱼籽更经过精心腌制过程，令其味道更加浓郁。 ??
订座：+852 34001308
	
#三文鱼[话题]# #三文鱼刺身[话题]# #刺身[话题]# #必吃榜[话题]# #美食测评[话题]# #料理[话题]# #舌尖上的美食[话题]# #好吃没压力[话题]# #尖沙咀酒店[话题]# #香港酒店[话题]# #美食日常[话题]# #自助餐[话题]# #香港自助餐推荐[话题]# #唯港荟[话题]# #T[话题]#he Market",6,1,1,0,2024/4/26 18:31,三文鱼;三文鱼刺身;刺身;必吃榜;美食测评;料理;舌尖上的美食;好吃没压力;尖沙咀酒店;香港酒店;美食日常;自助餐;香港自助餐推荐;唯港荟;T
Hotel ICON 唯港荟,浙江,Hotel ICON 唯港荟,13,1198,1963,6627729900000000010067d5,video,传统粤菜故事系列 EP.1 - 脆皮炸子鸡,./img/6627729900000000010067d5_0.jpg,"??【传统粤菜故事系列 EP.1  - 揭开广东精致脆皮炸子鸡的秘密??】
	
加入我们的烹饪之旅，将揭示我们的招牌菜「脆皮炸子鸡」背后的工艺。 在行政总厨黄子其师傅的指导下???????，厨艺团队严选「三黄鸡」并精心腌制六小时，为其注入多种风味。 过精准的风干和油炸时间，制作出鲜嫩多汁和细腻酥脆的炸子鸡??
请享受每日限量供应的天外天脆皮炸子鸡??，尽情享受传统粤菜的精湛工艺。
	
?? 请观看以上幕后制作的影片
	
#脆皮炸子鸡[话题]# #粤菜[话题]# #香港[话题]# #唯港荟[话题]# #尖沙咀酒店[话题]#",9,3,0,2,2024/4/23 16:34,脆皮炸子鸡;粤菜;香港;唯港荟;尖沙咀酒店
Hotel ICON 唯港荟,浙江,Hotel ICON 唯港荟,13,1198,1963,65c1daea000000000a010fad,video,??龙年获取桃花好运攻略??,./img/65c1daea000000000a010fad_0.jpg,"【??龙年获取桃花好运攻略?? 】
想于龙年得到桃花运??？或许您的姻缘近在咫尺??！跟随以下有3个步骤，助您于龙年增添桃花运  ：
－
??第一步：在农历新年结束前来到我们的大堂与桃花树合照
在农历十五满月前??，来到我们的大堂欣赏艳丽的新春桃花树。记得拍照留念和与亲朋挈爱分享新春美好的时刻??！
－
??第二步：顺时针绕着桃花树走三圈
桃花是爱情和好运的象征，顺时针慢慢地绕树走三圈，爱情将随之降临??！
－
??第三步：标注或分享帖子给您的朋友
标注并邀请您的亲朋挈爱一齐迎接桃花好运！ ??
#香港生活[话题]# #桃花[话题]# #桃花运[话题]# #香港龙年[话题]# #香港过年[话题]# #转运[话题]# #香港祈福[话题]# #香港新年[话题]# #龙年大吉[话题]# #香港情侣[话题]# #香港生活[话题]# #香港旅游攻略[话题]# #香港周末去那儿[话题]# #唯港荟[话题]# #香港[话题]# #香港旅游[话题]# #香港打卡[话题]# #春节[话题]# #过年[话题]# #香港旅游[话题]# #香港唯港荟[话题]# #香港新年好去处[话题]# #香港新年打卡[话题]# #龙年[话题]# #花[话题]# #酒店[话题]# #香港酒店[话题]# #尖沙咀酒店[话题]# #hotelicon[话题]# #hoteliconhk[话题]#",22,7,6,17,2024/2/6 15:08,香港生活;桃花;桃花运;香港龙年;香港过年;转运;香港祈福;香港新年;龙年大吉;香港情侣;香港旅游攻略;香港周末去那儿;唯港荟;香港;香港旅游;香港打卡;春节;过年;香港唯港荟;香港新年好去处;香港新年打卡;龙年;花;酒店;香港酒店;尖沙咀酒店;hotelicon;hoteliconhk
Hotel ICON 唯港荟,浙江,Hotel ICON 唯港荟,13,1198,1963,60fa8f93000000000102f563,video,GREEN 港式风味下午茶 | 秒回童年记忆里,./img/60fa8f93000000000102f563_0.jpg,"跟着唯港荟一起乘上时光机穿梭时间隧道回到上世纪的香港吧！
.
以港式茶餐厅为创作理念，酒店星级糕饼总厨何伟诚（Danny Ho）师傅率领酒店厨师团队，精心设计“港式风味下午茶”，款款咸甜点均为大师级制作。再搭配上一杯夏日清爽的红豆冰和加了燕窝、雪蛤、桃胶及凉粉的自家制豆腐花雪糕，那叫一个惬意满足！精彩回顾请看来自IG@handsupforfood 拍摄的视频??
.
香港美食 | 香港下午茶 | 港式美食 | 下午茶打卡 | 童年回忆｜下午茶｜复古｜港风｜香港味道",5,2,0,1,2021/7/23 17:44,
Hotel ICON 唯港荟,浙江,Hotel ICON 唯港荟,13,1198,1963,60dc3306000000002103432d,video,唯港荟 | 气净达量子光触媒涂层 | 安心酒店,./img/60dc3306000000002103432d_0.jpg,"唯港荟一直关心每位员工及客人的健康和安全。因此我们与airDefender气净达?合作，其先进的量子光触媒涂层现已全面覆盖唯港荟内所有频繁接触表面，包括所有餐厅、酒店大堂、电梯和员工区域内的公共设施。
.
airDefender气净达? 量子光触媒涂层荣获多项国际权威认证，其中包括德国公司Eurovir Hygiene-Labor GmbH在2020年4月证明技术对抑制猪传染性胃肠炎病毒（TGEV）及冠状病毒有效。此外，NASA亦为评选此项技术为高效能量子级光触媒。 airDefender气净达?通过国际独立检测认证机构SGS多项测试，证明有效对抗H1N1的病毒涂层并无刺激性，亦对人体无害。秉承一贯的环保理念，我们亦确保酒店内部所采用的技术不仅绝对安全，而且没有对环境造成破坏。
.
香港酒店 | 酒店卫生 | 酒店安全 | 防疫措施",5,3,1,0,2021/6/30 17:01,
Hotel ICON 唯港荟,浙江,Hotel ICON 唯港荟,13,1198,1963,60d456be000000000102a1b1,video,唯港荟美食推介 | The Market 招牌星洲叻沙,./img/60d456be000000000102a1b1_0.jpg,"新加坡名菜星洲叻沙汤底以虾酱﹑辣椒酱﹑椰汁﹑海鲜﹑香茅﹑黄姜及多款香料炮制而成，味道丰富浓郁，最后加入新鲜叻沙叶，进一步提升香味，制作成传统地道的星洲叻沙。
.
唯港荟东南亚主厨李淑光曾游历世界各地烹饪亚洲美食，让我们一起来看看在他手下，新鲜食材们是怎么变为一碗叻沙的！
.
新加坡 | 星洲叻沙 | 东南亚 | 亚洲美食| 烹饪教程",4,3,0,1,2021/6/24 17:56,
Hotel ICON 唯港荟,浙江,Hotel ICON 唯港荟,13,1198,1963,60d0637a0000000021038978,video,唯港荟美食推介 | 自家制榴莲雪糕,./img/60d0637a0000000021038978_0.jpg,"重温我们于疫情前拍摄的视频，素有「榴梿王子」之称的唯港荟酒店糕饼行政总厨何伟诚师傅（Danny Ho）悉心挑选由马来西亚进口的榴莲并制成唯港荟自家制榴莲雪糕。自家制榴莲雪糕一经推出即收获大片好评。
.
凡惠顾The Market飘香榴梿下午茶的客人均可享两小时任食唯港荟自家制榴梿冰淇淋，真是「榴梿忘返」！
.
马来西亚 | 榴莲雪糕 | 冰淇淋 | 榴莲王子",7,4,0,2,2021/6/21 18:01,
Hotel ICON 唯港荟,浙江,Hotel ICON 唯港荟,13,1198,1963,60bdef2c0000000001026d8d,video,唯港荟 Room Tour | ICON 36 城景客房,./img/60bdef2c0000000001026d8d_0.jpg,"ICON 36 城景客房拥有整整36平方米的空间。简约整洁的设计独具魅力，房间由布置以至设计皆细心筹划，匠心巧思体现在每一个细节里：
.
①免费迷你吧及小吃
②电子保险箱
③@KEF扬声器和GP储电池
④@Nespresso 咖啡机
⑤@Karuselli 座椅
⑥宽敞浴室连浸泡浴缸
⑦打卡必备全身镜
⑧豪华舒适的床品
⑨任您选择的枕头
⑩舒适浴袍及拖鞋
.
香港酒店 | 酒店客房 | ICON 36 | 城景客房 | 简约设计 |",4,2,0,1,2021/6/7 18:04,
Hotel ICON 唯港荟,浙江,Hotel ICON 唯港荟,13,1198,1963,60a782dd000000002103e378,video,Hotel ICON 唯港荟 | 怎样选择卫生安全酒店,./img/60a782dd000000002103e378_0.jpg,"若您还不知道在疫情下如何选择一个卫生安全有所保障的酒店，不如看看唯港荟是怎么做的。秉承「以心款客」的理念，我们已采取一系列相关卫生防范措施，亦获得由福布斯旅游指南及Sharecare 颁发 Health Security VERIFIED? ，认证我们的卫生防范措施达到世界级水准。顾客及员工的安全与健康一直是我们的首要考量！
.
以心款客 | 福布斯旅游指南 | Sharecare | 防疫 | 酒店安全",4,2,0,0,2021/5/21 17:52,
Hotel ICON 唯港荟,浙江,Hotel ICON 唯港荟,13,1198,1963,60a24476000000000102cc10,video,唯港荟 | 香港九龙海景酒店是什么样的？,./img/60a24476000000000102cc10_0.jpg,"地处尖沙咀，位于九龙半岛的中心地带，唯港荟毗邻著名体育馆—红馆及免税店DFS等。用心款客的服务旨在缔造与众不同的酒店体验，想进一步了解吗？让我带你重新认识Hotel ICON 唯港荟 [赞R]
	
香港酒店 | 九龙酒店 | 海景酒店 | 尖沙咀 | 唯港荟",10,2,1,4,2021/5/17 18:24,
Hotel ICON 唯港荟,浙江,Hotel ICON 唯港荟,13,1198,1963,609ba79d000000000102c80e,video,唯港荟 | 香港Staycation | 24小时玩转酒店,./img/609ba79d000000000102c80e_0.jpg,"疫情以来香港staycation层出不穷，要想玩出新意不如看一看这份24小时酒店行程攻略！[赞R]
	
①3pm入住酒店，稍事休息就可以开始探索酒店游玩设施，和TA展开一场斯诺克或桌上足球大赛；??
②4pm在亚洲最大的室内垂直花园下享用精致下午茶，体验名媛日常；[自拍R]
③5pm当太阳渐渐收起光芒，不妨到无边泳池打卡最美日落；[哇R]
④6pm全港第一自助餐The Market各种新鲜海鲜、东南亚美食、日式料理、片皮鸭及多款榴莲甜品等精致美馔都足以让您大快朵颐；[吧唧R]
⑤11pm当味蕾得到了满足，是时候到舒适的客房放松身心，伴着香港城市夜景安眠；[睡觉R]
⑥9am以简单精致的床上早餐开始新的一天；[派对R]
⑦11am若昨天摄入大量热量，不如到健身房燃烧您的卡路里；???♀?
⑧12pm一定不要错过天外天精致点心套餐及绝美海景，随便拍几张照片就能刷爆朋友圈；??
⑨2pm以文化之旅为此次staycation划上圆满的句号；[萌萌哒R]
	
还想知道更多玩法？关注Hotel ICON 唯港荟让我们带您走进最香港的酒店文化！",9,6,1,1,2021/5/12 18:02,
